{
    "id": 1,
    "updated_at": "2025-05-09T05:57:32",
    "coef_ph": [
        -0.01669591,
        0.01048125,
        0.00598256
    ],
    "int_ph": 7.401240358711474,
    "coef_sg": [
         0.00042122, 
         -0.00039184, 
         -0.00011539
    ],
    "int_sg": 1.0155751906695751,
    "coef_wbc": [
        [
            -0.03815591,
            0.05386747,
            -0.0246107
        ],
        [
            0.00357726,
            0.00422193,
            0.00470766
        ],
        [
            -0.00307664,
            -0.00854442,
            0.01483404
        ],
        [
            0.03765529,
            -0.04954497,
            0.00506899
        ]
    ],
    "int_wbc": [
        2.54647769,
        -2.72594539,
        -1.46758575,
        -0.35294655
    ],
    "coef_bld": [
        [
            0.0184091545,
            -0.00905497631,
            -0.0105015099
        ],
        [
            -0.000661860835,
            -0.00142805455,
            2.63515763e-06
        ],
        [
            -0.0177173017,
            0.0254657313,
            -0.00580570617
        ],
        [
            -2.99919492e-05,
            -0.0149827005,
            0.0163045809
        ]
    ],
    "int_bld": [
        -0.02392194,
        -0.63946459,
        -1.38116573,
        0.04455225
    ],
    "coef_pro": [
        -0.02039438,
        0.03994628,
        -0.01476654
    ],
    "int_pro": -2.29246074,
    "coef_ket": [
        [
            -0.01585195,
            0.0332431,
            -0.02404733
        ],
        [
            0.00505722,
            -0.01109821,
            0.02102749
        ],
        [
            0.01477388,
            0.00202157,
            -0.02025834
        ],
        [
            -0.00052356,
            -0.0178988,
            0.02210266
        ],
        [
            -0.00345559,
            -0.00626766,
            0.00117552
        ]
    ],
    "int_ket": [
        2.29443228,
        -3.28672713,
        -0.73855819,
        -1.60157854,
        0.33243157
    ],
    "coef_uro": [
        [
            -0.01859939,
            0.02432802,
            -0.01992753
        ],
        [
            0.00403878,
            0.00426953,
            0.0036268
        ],
        [
            0.00220427,
            -0.00328584,
            0.00690769
        ],
        [
            0.00352284,
            -0.02117326,
            0.01355669
        ],
        [
            0.0088335,
            -0.00413844,
            -0.00416365
        ]
    ],
    "int_uro": [
        3.30616918,
        -2.70409339,
        -1.79724573,
        -0.48496784,
        -1.31986221
    ],
    "coef_bil": [
        [
            -0.0357276,
            0.05556531,
            -0.0179633
        ],
        [
            0.00961668,
            -0.04157228,
            0.03038141
        ],
        [
            0.02611092,
            -0.01399303,
            -0.0124181
        ]
    ],
    "int_bil": [
        1.17021755,
        -0.47121088,
        -1.69900666
    ],
    "coef_nit": [
        0.00965404,
        -0.04093634,
        0.03843068
    ],
    "int_nit": -1.89240232,
    "coef_glu": [
        [
            -0.00767076,
            -0.0140941,
            0.02366067
        ],
        [
            -0.01032577,
            0.01827972,
            -0.0059402
        ],
        [
            -0.001948,
            0.01085383,
            -0.00529741
        ],
        [
            -0.01656382,
            0.02406091,
            -0.01489887
        ],
        [
            0.03313375,
            -0.02895744,
            0.01499448
        ],
        [
            0.00337461,
            -0.01014291,
            -0.01251868
        ]
    ],
    "int_glu": [
        -0.36793401,
        -1.214661,
        -1.10499888,
        -0.21980869,
        -2.29280307,
        1.20020565
    ],
    "color_block_params": {
        "rgb_value_wbc": {
            "f_p": 40,
            "s_p": 50,
            "w1": 25,
            "w2": 35
        },
        "rgb_value_ph": {
            "f_p": 240,
            "s_p": 250,
            "w1": 25,
            "w2": 35
        },
        "rgb_value_sg": {
            "f_p": 140,
            "s_p": 150,
            "w1": 25,
            "w2": 35
        },
        "rgb_value_glu": {
            "f_p": 340,
            "s_p": 350,
            "w1": 25,
            "w2": 35
        },
        "rgb_value_nit": {
            "f_p": 440,
            "s_p": 450,
            "w1": 25,
            "w2": 35
        },
        "rgb_value_pro": {
            "f_p": 40,
            "s_p": 50,
            "w1": 25,
            "w2": 35
        },
        "rgb_value_ket": {
            "f_p": 140,
            "s_p": 150,
            "w1": 25,
            "w2": 35
        },
        "rgb_value_uro": {
            "f_p": 240,
            "s_p": 250,
            "w1": 25,
            "w2": 35
        },
        "rgb_value_bil": {
            "f_p": 340,
            "s_p": 350,
            "w1": 25,
            "w2": 35
        },
        "rgb_value_bld": {
            "f_p": 440,
            "s_p": 450,
            "w1": 25,
            "w2": 35
        }
    }
}